{"train loss": -1.090122938156128, "_timestamp": 1698690797.9498749, "_runtime": 2361.8437299728394, "_step": 2131, "_wandb": {"runtime": 2361}}