{"train loss": 4.118292331695557, "_timestamp": 1699864293.217254, "_runtime": 14.871941804885864, "_step": 28, "_wandb": {"runtime": 14}}